{
  "train_loss": [
    0.3478998976567435,
    0.12521928984021383,
    0.08182059306473959,
    0.058507609527025904,
    0.04152348324183434,
    0.022432227873258173,
    0.025169805219278685,
    0.020327199692468323,
    0.011206524319843286,
    0.011483356807868751,
    0.009649531403926038,
    0.007662992804710354,
    0.0061236773976050905,
    0.0072047278754383565,
    0.005360993233671974
  ],
  "train_acc": [
    0.8751984126984127,
    0.959920634920635,
    0.9738095238095238,
    0.9825396825396825,
    0.9882936507936508,
    0.9940476190476191,
    0.9922619047619048,
    0.9944444444444445,
    0.9978174603174603,
    0.9974206349206349,
    0.9972222222222222,
    0.9982142857142857,
    0.9986111111111111,
    0.998015873015873,
    0.9992063492063492
  ],
  "val_loss": [
    0.09206362696630614,
    0.11993113495409488,
    0.04541103382195745,
    0.023829701469678964,
    0.039404021935271365,
    0.026328718449388232,
    0.015677126507008716,
    0.015187821597126977,
    0.0189633034893112,
    0.017132073828750954,
    0.015220155683346092,
    0.01113591888819688,
    0.012747037833157395,
    0.014221352076024882,
    0.012838930351426825
  ],
  "val_acc": [
    0.9803571428571428,
    0.95,
    0.9857142857142858,
    0.9928571428571429,
    0.9875,
    0.9875,
    0.9946428571428572,
    0.9910714285714286,
    0.9910714285714286,
    0.9946428571428572,
    0.9964285714285714,
    0.9964285714285714,
    0.9964285714285714,
    0.9964285714285714,
    0.9946428571428572
  ]
}