{
  "train_loss": [
    0.12543168464282742,
    0.039871929606207376,
    0.02441850499864541,
    0.016065006661799032,
    0.009718212984553,
    0.0076506187333123515,
    0.0046511091219045885,
    0.005970577685341404
  ],
  "train_acc": [
    0.9214285714285714,
    0.976530612244898,
    0.9840136054421769,
    0.9897959183673469,
    0.995578231292517,
    0.995578231292517,
    0.9979591836734694,
    0.9962585034013606
  ],
  "val_loss": [
    0.069201048055575,
    0.017295560961411823,
    0.009435391512012021,
    0.0056843472777732785,
    0.006040401752328589,
    0.01533243981012631,
    0.009432534706623604,
    0.002348848172862615
  ],
  "val_acc": [
    0.9904761904761905,
    0.9976190476190476,
    1.0,
    1.0,
    1.0,
    0.9952380952380953,
    1.0,
    1.0
  ]
}